   ,continent     ,location             ,total_cases ,new_cases ,new_cases_smoothed ,total_deaths ,new_deaths ,new_deaths_smoothed ,total_cases_per_million ,new_cases_per_million ,new_cases_smoothed_per_million ,total_deaths_per_million ,new_deaths_per_million ,total_tests ,new_tests ,total_tests_per_thousand ,new_tests_per_thousand ,new_tests_smoothed ,new_tests_smoothed_per_thousand ,positive_rate ,stringency_index ,population   ,population_density ,median_age ,aged_65_older ,aged_70_older ,gdp_per_capita ,extreme_poverty ,cardiovasc_death_rate ,diabetes_prevalence ,female_smokers ,male_smokers ,hospital_beds_per_thousand ,life_expectancy ,human_development_index
0  ,Oceania       ,Australia            ,27602.0     ,7.0       ,10.714             ,907.0        ,0.0        ,0.286               ,1082.436                ,0.275                 ,0.42                           ,35.569                   ,0.0                    ,8887171.0   ,31770.0   ,348.518                  ,1.246                  ,41230.0            ,1.617                           ,0.0           ,47.69            ,25499881.0   ,3.202              ,37.9       ,15.504        ,10.129        ,44648.71       ,0.5             ,107.791               ,5.07                ,13.0           ,16.5         ,3.84                       ,83.44           ,0.9390000000000001
1  ,Europe        ,Austria              ,114270.0    ,3160.0    ,4174.571           ,1135.0       ,21.0       ,21.0                ,12687.644               ,350.862               ,463.512                        ,126.021                  ,2.332                  ,2305382.0   ,25881.0   ,255.972                  ,2.874                  ,25671.0            ,2.85                            ,0.163         ,75.0             ,9006400.0    ,106.749            ,44.4       ,19.202        ,13.748        ,45436.686      ,0.7             ,145.183               ,6.35                ,28.4           ,30.9         ,7.37                       ,81.54           ,0.9079999999999999
2  ,Asia          ,Bahrain              ,82133.0     ,210.0     ,228.571            ,323.0        ,2.0        ,1.0                 ,48268.583               ,123.414               ,134.329                        ,189.823                  ,1.175                  ,1770015.0   ,10699.0   ,1040.217                 ,6.288                  ,9403.0             ,5.526                           ,0.024         ,58.33            ,1701583.0    ,1935.907           ,32.4       ,2.372         ,1.387         ,43290.705      ,                ,151.689               ,16.52               ,5.8            ,37.6         ,2.0                        ,77.29           ,0.846
3  ,Asia          ,Bangladesh           ,410988.0    ,1736.0    ,1533.857           ,5966.0       ,25.0       ,21.143              ,2495.534                ,10.541                ,9.314                          ,36.226                   ,0.152                  ,2373590.0   ,14061.0   ,14.413                   ,0.085                  ,12775.0            ,0.078                           ,0.12          ,80.09            ,164689383.0  ,1265.036           ,27.5       ,5.098         ,3.262         ,3523.984       ,14.8            ,298.003               ,8.38                ,1.0            ,44.7         ,0.8                        ,72.59           ,0.608
4  ,Europe        ,Belgium              ,465131.0    ,13850.0   ,13353.571          ,12215.0      ,205.0      ,162.286             ,40133.426               ,1195.035              ,1152.201                       ,1053.961                 ,17.688                 ,5123684.0   ,54555.0   ,442.093                  ,4.707                  ,53950.0            ,4.655                           ,0.247         ,65.74            ,11589616.0   ,375.564            ,41.8       ,18.571        ,12.849        ,42658.576      ,0.2             ,114.898               ,4.29                ,25.1           ,31.4         ,5.64                       ,81.63           ,0.9159999999999999
5  ,South America ,Bolivia              ,141867.0    ,34.0      ,130.714            ,8741.0       ,10.0       ,11.857              ,12153.401               ,2.913                 ,11.198                         ,748.82                   ,0.857                  ,332885.0    ,739.0     ,28.517                   ,0.063                  ,797.0              ,0.068                           ,0.164         ,81.48            ,11673029.0   ,10.202             ,25.4       ,6.704         ,4.393         ,6885.829       ,7.1             ,204.299               ,6.89                ,               ,             ,1.1                        ,71.51           ,0.693
6  ,Europe        ,Bulgaria             ,56496.0     ,2427.0    ,2337.714           ,1349.0       ,51.0       ,30.429              ,8130.74                 ,349.287               ,336.437                        ,194.144                  ,7.34                   ,735326.0    ,7910.0    ,105.826                  ,1.138                  ,9401.0             ,1.353                           ,0.249         ,48.15            ,6948445.0    ,65.18              ,44.7       ,20.801        ,13.272        ,18563.307      ,1.5             ,424.688               ,5.81                ,30.1           ,44.4         ,7.454                      ,75.05           ,0.813
7  ,North America ,Canada               ,240263.0    ,3422.0    ,2864.286           ,10208.0      ,29.0       ,33.571              ,6365.905                ,90.668                ,75.891                         ,270.467                  ,0.768                  ,9663055.0   ,65491.0   ,256.028                  ,1.735                  ,58334.0            ,1.546                           ,0.049         ,60.65            ,37742157.0   ,4.037              ,41.4       ,16.984        ,10.797        ,44017.591      ,0.5             ,105.599               ,7.37                ,12.0           ,16.6         ,2.5                        ,82.43           ,0.9259999999999999
8  ,South America ,Chile                ,513188.0    ,1324.0    ,1370.0             ,14302.0      ,55.0       ,42.714              ,26845.699               ,69.261                ,71.667                         ,748.161                  ,2.877                  ,4401804.0   ,23654.0   ,230.266                  ,1.237                  ,33205.0            ,1.737                           ,0.041         ,76.39            ,19116209.0   ,24.282             ,35.4       ,11.087        ,6.938         ,22767.037      ,1.3             ,127.993               ,8.46                ,34.2           ,41.5         ,2.11                       ,80.18           ,0.843
9  ,South America ,Colombia             ,1093256.0   ,9935.0    ,9743.429           ,31670.0      ,155.0      ,188.857             ,21485.732               ,195.252               ,191.487                        ,622.41                   ,3.046                  ,4291983.0   ,26108.0   ,84.35                    ,0.513                  ,31045.0            ,0.61                            ,              ,65.74            ,50882884.0   ,44.223             ,32.2       ,7.646         ,4.312         ,13254.949      ,4.5             ,124.24                ,7.44                ,4.7            ,13.5         ,1.71                       ,77.29           ,0.747
10 ,Africa        ,Cote d'Ivoire        ,20753.0     ,37.0      ,38.143             ,126.0        ,0.0        ,0.571               ,786.746                 ,1.403                 ,1.446                          ,4.777                    ,0.0                    ,195528.0    ,463.0     ,7.412                    ,0.018                  ,925.0              ,0.035                           ,0.041         ,                 ,26378275.0   ,76.399             ,18.7       ,2.933         ,1.582         ,3601.006       ,28.2            ,303.74                ,2.42                ,               ,             ,                           ,57.78           ,0.49200000000000005
11 ,Europe        ,Croatia              ,52660.0     ,1165.0    ,2207.429           ,594.0        ,32.0       ,20.286              ,12827.421               ,283.782               ,537.706                        ,144.692                  ,7.795                  ,514176.0    ,7013.0    ,125.248                  ,1.708                  ,8064.0             ,1.964                           ,0.274         ,31.48            ,4105268.0    ,73.726             ,44.0       ,19.724        ,13.053        ,22669.797      ,0.7             ,253.782               ,5.59                ,34.3           ,39.9         ,5.54                       ,78.49           ,0.831
12 ,North America ,Cuba                 ,6970.0      ,35.0      ,53.571             ,129.0        ,1.0        ,0.143               ,615.365                 ,3.09                  ,4.73                           ,11.389                   ,0.088                  ,874702.0    ,8474.0    ,77.225                   ,0.748                  ,8346.0             ,0.737                           ,0.006         ,57.41            ,11326616.0   ,110.408            ,43.1       ,14.738        ,9.719         ,               ,                ,190.968               ,8.27                ,17.1           ,53.3         ,5.2                        ,78.8            ,0.777
13 ,Europe        ,Cyprus               ,4760.0      ,197.0     ,160.571            ,26.0         ,0.0        ,0.143               ,5434.417                ,224.912               ,183.322                        ,29.684                   ,0.0                    ,496642.0    ,4033.0    ,567.008                  ,4.604                  ,3429.0             ,3.915                           ,0.047         ,                 ,875899.0     ,127.657            ,37.3       ,13.416        ,8.563         ,32415.132      ,                ,141.171               ,9.24                ,19.6           ,52.7         ,3.4                        ,80.98           ,0.8690000000000001
14 ,Europe        ,Czech Republic       ,350896.0    ,9252.0    ,11789.429          ,3654.0       ,225.0      ,184.143             ,32766.513               ,863.948               ,1100.892                       ,341.209                  ,21.01                  ,2429501.0   ,43310.0   ,226.866                  ,4.044                  ,37478.0            ,3.5                             ,0.315         ,73.15            ,10708982.0   ,137.176            ,43.3       ,19.027        ,11.58         ,32605.906      ,                ,227.485               ,6.82                ,30.5           ,38.3         ,6.63                       ,79.38           ,0.888
15 ,Europe        ,Denmark              ,48241.0     ,942.0     ,975.571            ,724.0        ,1.0        ,2.286               ,8328.61                 ,162.632               ,168.428                        ,124.996                  ,0.173                  ,5503289.0   ,73566.0   ,950.12                   ,12.701                 ,63981.0            ,11.046                          ,0.015         ,39.81            ,5792203.0    ,136.52             ,42.3       ,19.677        ,12.325        ,46682.515      ,0.2             ,114.767               ,6.41                ,19.3           ,18.8         ,2.5                        ,80.9            ,0.929
16 ,North America ,Dominican Republic   ,127591.0    ,259.0     ,392.571            ,2250.0       ,1.0        ,3.571               ,11761.811               ,23.876                ,36.189                         ,207.413                  ,0.092                  ,609031.0    ,3671.0    ,56.143                   ,0.338                  ,4352.0             ,0.401                           ,0.09          ,64.81            ,10847904.0   ,222.873            ,27.6       ,6.981         ,4.419         ,14600.861      ,1.6             ,266.653               ,8.2                 ,8.5            ,19.1         ,1.6                        ,74.08           ,0.736
17 ,South America ,Ecuador              ,169562.0    ,368.0     ,1054.857           ,12692.0      ,8.0        ,17.0                ,9610.691                ,20.858                ,59.789                         ,719.376                  ,0.453                  ,500231.0    ,1820.0    ,28.353                   ,0.103                  ,4136.0             ,0.234                           ,              ,50.0             ,17643060.0   ,66.939             ,28.1       ,7.104         ,4.458         ,10581.936      ,3.6             ,140.448               ,5.55                ,2.0            ,12.3         ,1.5                        ,77.01           ,0.752
18 ,Europe        ,Estonia              ,5046.0      ,61.0      ,88.286             ,73.0         ,0.0        ,0.0                 ,3803.884                ,45.984                ,66.553                         ,55.03                    ,0.0                    ,350768.0    ,4552.0    ,264.423                  ,3.431                  ,3095.0             ,2.333                           ,0.029         ,25.93            ,1326539.0    ,31.033             ,42.7       ,19.452        ,13.491        ,29481.252      ,0.5             ,255.569               ,4.02                ,24.5           ,39.3         ,4.69                       ,78.74           ,0.871
19 ,Africa        ,Ethiopia             ,96942.0     ,359.0     ,462.143            ,1489.0       ,11.0       ,7.429               ,843.241                 ,3.123                 ,4.02                           ,12.952                   ,0.096                  ,1498360.0   ,5364.0    ,13.033                   ,0.047                  ,6187.0             ,0.054                           ,0.075         ,57.41            ,114963583.0  ,104.957            ,19.8       ,3.526         ,2.063         ,1729.927       ,26.7            ,182.634               ,7.47                ,0.4            ,8.5          ,0.3                        ,66.6            ,0.46299999999999997
20 ,Oceania       ,Fiji                 ,34.0        ,0.0       ,0.143              ,2.0          ,0.0        ,0.0                 ,37.928                  ,0.0                   ,0.159                          ,2.231                    ,0.0                    ,13413.0     ,          ,14.962                   ,                       ,108.0              ,0.12                            ,0.001         ,45.37            ,896444.0     ,49.562             ,28.6       ,6.224         ,3.284         ,8702.975       ,1.4             ,412.82                ,14.49               ,10.2           ,34.8         ,2.3                        ,67.44           ,0.741
21 ,Europe        ,Finland              ,16400.0     ,109.0     ,204.286            ,359.0        ,1.0        ,0.714               ,2959.905                ,19.673                ,36.87                          ,64.793                   ,0.18                   ,1591468.0   ,15944.0   ,287.231                  ,2.878                  ,11923.0            ,2.152                           ,0.017         ,40.74            ,5540718.0    ,18.136             ,42.8       ,21.228        ,13.264        ,40585.721      ,                ,153.507               ,5.76                ,18.3           ,22.6         ,3.28                       ,81.91           ,0.92
22 ,Africa        ,Ghana                ,48200.0     ,76.0      ,60.714             ,320.0        ,0.0        ,0.571               ,1551.189                ,2.446                 ,1.954                          ,10.298                   ,0.0                    ,544309.0    ,993.0     ,17.517                   ,0.032                  ,1984.0             ,0.064                           ,0.031         ,38.89            ,31072945.0   ,126.719            ,21.1       ,3.385         ,1.948         ,4227.63        ,12.0            ,298.245               ,4.97                ,0.3            ,7.7          ,0.9                        ,64.07           ,0.5920000000000001
23 ,Europe        ,Greece               ,42080.0     ,1151.0    ,1512.0             ,642.0        ,7.0        ,8.714               ,4037.204                ,110.428               ,145.063                        ,61.594                   ,0.672                  ,1829091.0   ,25075.0   ,175.485                  ,2.406                  ,18681.0            ,1.792                           ,0.081         ,                 ,10423056.0   ,83.479             ,45.3       ,20.396        ,14.524        ,24574.382      ,1.5             ,175.695               ,4.55                ,35.3           ,52.0         ,4.21                       ,82.24           ,0.87
24 ,North America ,Guatemala            ,108104.0    ,0.0       ,458.571            ,3738.0       ,0.0        ,12.429              ,6034.082                ,0.0                   ,25.596                         ,208.645                  ,0.0                    ,437821.0    ,3918.0    ,24.438                   ,0.219                  ,3003.0             ,0.168                           ,0.153         ,                 ,17915567.0   ,157.834            ,22.9       ,4.694         ,3.016         ,7423.808       ,8.7             ,155.898               ,10.18               ,               ,             ,0.6                        ,74.3            ,0.65
25 ,Asia          ,Hong Kong            ,            ,          ,                   ,             ,           ,                    ,                        ,                      ,                               ,                         ,                       ,3753969.0   ,          ,500.73                   ,                       ,17238.0            ,2.299                           ,              ,51.85            ,7496988.0    ,7039.714           ,44.8       ,16.303        ,10.158        ,56054.92       ,                ,                      ,8.33                ,               ,             ,                           ,84.86           ,0.9329999999999999
26 ,Europe        ,Hungary              ,86769.0     ,3989.0    ,3303.857           ,1973.0       ,84.0       ,62.571              ,8981.973                ,412.925               ,342.002                        ,204.237                  ,8.695                  ,1111991.0   ,14620.0   ,115.109                  ,1.513                  ,15700.0            ,1.625                           ,0.21          ,50.0             ,9660350.0    ,108.043            ,43.4       ,18.577        ,11.976        ,26777.561      ,0.5             ,278.296               ,7.55                ,26.8           ,34.8         ,7.02                       ,76.88           ,0.838
27 ,Europe        ,Iceland              ,4931.0      ,41.0      ,61.0               ,12.0         ,0.0        ,0.143               ,14449.817               ,120.147               ,178.755                        ,35.165                   ,0.0                    ,190344.0    ,1637.0    ,557.785                  ,4.797                  ,1521.0             ,4.457                           ,0.04          ,                 ,341250.0     ,3.404              ,37.3       ,14.431        ,9.207         ,46482.958      ,0.2             ,117.992               ,5.31                ,14.3           ,15.2         ,2.91                       ,82.99           ,0.935
28 ,Asia          ,India                ,8267623.0   ,38310.0   ,45884.857          ,123097.0     ,490.0      ,513.571             ,5991.012                ,27.761                ,33.25                          ,89.2                     ,0.355                  ,111789350.0 ,1046247.0 ,81.007                   ,0.758                  ,1052637.0          ,0.763                           ,0.044         ,61.57            ,1380004385.0 ,450.419            ,28.2       ,5.989         ,3.414         ,6426.674       ,21.2            ,282.28                ,10.39               ,1.9            ,20.6         ,0.53                       ,69.66           ,0.64
29 ,Asia          ,Indonesia            ,415402.0    ,2618.0    ,3209.714           ,14044.0      ,101.0      ,90.429              ,1518.706                ,9.571                 ,11.735                         ,51.345                   ,0.369                  ,2941778.0   ,22218.0   ,10.755                   ,0.081                  ,23401.0            ,0.086                           ,0.137         ,50.46            ,273523621.0  ,145.725            ,29.3       ,5.319         ,3.053         ,11188.744      ,5.7             ,342.864               ,6.32                ,2.8            ,76.1         ,1.04                       ,71.72           ,0.6940000000000001
30 ,Asia          ,Iran                 ,628780.0    ,8289.0    ,7703.429           ,35738.0      ,440.0      ,397.857             ,7486.104                ,98.687                ,91.715                         ,425.488                  ,5.239                  ,5001422.0   ,          ,59.546                   ,                       ,30665.0            ,0.365                           ,0.251         ,68.06            ,83992953.0   ,49.831             ,32.4       ,5.44          ,3.182         ,19082.62       ,0.2             ,270.308               ,9.59                ,0.8            ,21.1         ,1.5                        ,76.68           ,0.7979999999999999
31 ,Asia          ,Iraq                 ,478701.0    ,3413.0    ,3329.0             ,11017.0      ,51.0       ,49.429              ,11901.323               ,84.853                ,82.765                         ,273.901                  ,1.268                  ,2912818.0   ,18691.0   ,72.418                   ,0.465                  ,16863.0            ,0.419                           ,0.197         ,51.85            ,40222503.0   ,88.125             ,20.0       ,3.186         ,1.957         ,15663.986      ,2.5             ,218.612               ,8.83                ,               ,             ,1.4                        ,70.6            ,0.685
32 ,Europe        ,Ireland              ,62750.0     ,748.0     ,669.0              ,1917.0       ,2.0        ,4.571               ,12708.099               ,151.485               ,135.486                        ,388.23                   ,0.405                  ,1667415.0   ,10494.0   ,337.684                  ,2.125                  ,12459.0            ,2.523                           ,0.054         ,81.48            ,4937796.0    ,69.874             ,38.7       ,13.928        ,8.678         ,67335.293      ,0.2             ,126.459               ,3.28                ,23.0           ,25.7         ,2.96                       ,82.3            ,0.938
33 ,Asia          ,Israel               ,315983.0    ,852.0     ,733.143            ,2580.0       ,26.0       ,18.143              ,36506.441               ,98.434                ,84.702                         ,298.075                  ,3.004                  ,4959833.0   ,41555.0   ,573.024                  ,4.801                  ,30478.0            ,3.521                           ,0.024         ,40.74            ,8655541.0    ,402.606            ,30.6       ,11.733        ,7.359         ,33132.32       ,0.5             ,93.32                 ,6.74                ,15.4           ,35.4         ,2.99                       ,82.97           ,0.903
34 ,Europe        ,Italy                ,731588.0    ,22253.0   ,26971.286          ,39059.0      ,233.0      ,225.714             ,12099.998               ,368.05                ,446.088                        ,646.011                  ,3.854                  ,16285936.0  ,182287.0  ,269.359                  ,3.015                  ,190407.0           ,3.149                           ,0.142         ,66.67            ,60461828.0   ,205.859            ,47.9       ,23.021        ,16.24         ,35220.084      ,2.0             ,113.151               ,4.78                ,19.8           ,27.8         ,3.18                       ,83.51           ,0.88
35 ,North America ,Jamaica              ,9257.0      ,126.0     ,72.571             ,210.0        ,1.0        ,2.571               ,3126.139                ,42.551                ,24.508                         ,70.918                   ,0.338                  ,98356.0     ,565.0     ,33.215                   ,0.191                  ,648.0              ,0.219                           ,0.112         ,67.59            ,2961161.0    ,266.879            ,31.4       ,9.684         ,6.39          ,8193.571       ,                ,206.537               ,11.28               ,5.3            ,28.6         ,1.7                        ,74.47           ,0.732
36 ,Asia          ,Japan                ,102281.0    ,468.0     ,683.286            ,1780.0       ,6.0        ,7.857               ,808.696                 ,3.7                   ,5.402                          ,14.074                   ,0.047                  ,3217993.0   ,14412.0   ,25.443                   ,0.114                  ,21006.0            ,0.166                           ,0.033         ,38.89            ,126476458.0  ,347.778            ,48.2       ,27.049        ,18.493        ,39002.223      ,                ,79.37                 ,5.72                ,11.2           ,33.7         ,13.05                      ,84.63           ,0.909
37 ,Asia          ,Jordan               ,81743.0     ,5877.0    ,3812.571           ,913.0        ,47.0       ,41.286              ,8011.553                ,575.999               ,373.666                        ,89.482                   ,4.606                  ,1934688.0   ,20887.0   ,189.617                  ,2.047                  ,                   ,                                ,              ,75.93            ,10203140.0   ,109.285            ,23.2       ,3.81          ,2.361         ,8337.49        ,0.1             ,208.257               ,11.75               ,               ,             ,1.4                        ,74.53           ,0.735
38 ,Asia          ,Kazakhstan           ,151321.0    ,458.0     ,529.429            ,2261.0       ,34.0       ,10.0                ,8058.974                ,24.392                ,28.196                         ,120.415                  ,1.811                  ,3660538.0   ,14883.0   ,194.951                  ,0.793                  ,25836.0            ,1.376                           ,0.02          ,68.06            ,18776707.0   ,6.681              ,30.6       ,6.991         ,4.625         ,24055.588      ,0.1             ,466.792               ,7.11                ,7.0            ,43.1         ,6.7                        ,73.6            ,0.8
39 ,Africa        ,Kenya                ,56601.0     ,724.0     ,943.429            ,1027.0       ,14.0       ,15.286              ,1052.625                ,13.464                ,17.545                         ,19.099                   ,0.26                   ,708333.0    ,3728.0    ,13.173                   ,0.069                  ,5783.0             ,0.108                           ,0.163         ,                 ,53771300.0   ,87.324             ,20.0       ,2.686         ,1.528         ,2993.028       ,36.8            ,218.637               ,2.92                ,1.2            ,20.4         ,1.4                        ,66.7            ,0.59
40 ,Asia          ,Kuwait               ,127293.0    ,759.0     ,710.857            ,786.0        ,4.0        ,5.286               ,29807.077               ,177.728               ,166.455                        ,184.051                  ,0.937                  ,933626.0    ,6737.0    ,218.619                  ,1.578                  ,6296.0             ,1.474                           ,0.113         ,62.96            ,4270563.0    ,232.128            ,33.7       ,2.345         ,1.114         ,65530.537      ,                ,132.235               ,15.84               ,2.7            ,37.0         ,2.0                        ,75.49           ,0.8029999999999999
41 ,Europe        ,Latvia               ,6268.0      ,132.0     ,215.857            ,77.0         ,3.0        ,2.429               ,3323.08                 ,69.982                ,114.44                         ,40.823                   ,1.59                   ,465644.0    ,5235.0    ,246.869                  ,2.775                  ,4903.0             ,2.599                           ,0.044         ,45.37            ,1886202.0    ,31.212             ,43.9       ,19.754        ,14.136        ,25063.846      ,0.7             ,350.06                ,4.91                ,25.6           ,51.0         ,5.57                       ,75.29           ,0.847
42 ,Europe        ,Lithuania            ,16556.0     ,837.0     ,801.0              ,170.0        ,4.0        ,4.857               ,6081.642                ,307.462               ,294.237                        ,62.447                   ,1.469                  ,1038164.0   ,          ,381.357                  ,                       ,10545.0            ,3.874                           ,0.076         ,62.5             ,2722291.0    ,45.135             ,43.5       ,19.002        ,13.778        ,29524.265      ,0.7             ,342.989               ,3.67                ,21.3           ,38.0         ,6.56                       ,75.93           ,0.858
43 ,Europe        ,Luxembourg           ,19101.0     ,319.0     ,671.714            ,160.0        ,0.0        ,1.857               ,30513.949               ,509.604               ,1073.067                       ,255.601                  ,0.0                    ,1109504.0   ,10992.0   ,1772.439                 ,17.56                  ,10744.0            ,17.164                          ,0.063         ,56.48            ,625976.0     ,231.447            ,39.7       ,14.312        ,9.842         ,94277.965      ,0.2             ,128.275               ,4.42                ,20.9           ,26.0         ,4.51                       ,82.25           ,0.904
44 ,Europe        ,Macedonia            ,32997.0     ,561.0     ,828.286            ,1025.0       ,21.0       ,13.143              ,15838.205               ,269.274               ,397.568                        ,491.989                  ,10.08                  ,259115.0    ,3211.0    ,124.372                  ,1.541                  ,2637.0             ,1.266                           ,0.314         ,                 ,2083380.0    ,82.6               ,39.1       ,13.26         ,8.16          ,13111.214      ,5.0             ,322.688               ,10.08               ,               ,             ,4.28                       ,75.8            ,0.757
45 ,Africa        ,Malawi               ,5933.0      ,1.0       ,5.571              ,184.0        ,0.0        ,0.143               ,310.142                 ,0.052                 ,0.291                          ,9.618                    ,0.0                    ,63505.0     ,462.0     ,3.32                     ,0.024                  ,413.0              ,0.022                           ,0.013         ,50.93            ,19129955.0   ,197.519            ,18.1       ,2.979         ,1.783         ,1095.042       ,71.4            ,227.349               ,3.94                ,4.4            ,24.7         ,1.3                        ,64.26           ,0.47700000000000004
46 ,Asia          ,Malaysia             ,33339.0     ,834.0     ,790.571            ,251.0        ,2.0        ,2.143               ,1030.062                ,25.768                ,24.426                         ,7.755                    ,0.062                  ,2176725.0   ,19767.0   ,67.253                   ,0.611                  ,18904.0            ,0.584                           ,0.042         ,75.46            ,32365998.0   ,96.254             ,29.9       ,6.293         ,3.407         ,26808.164      ,0.1             ,260.942               ,16.74               ,1.0            ,42.4         ,1.9                        ,76.16           ,0.802
47 ,Asia          ,Maldives             ,11737.0     ,36.0      ,29.286             ,38.0         ,0.0        ,0.143               ,21713.391               ,66.6                  ,54.178                         ,70.3                     ,0.0                    ,203744.0    ,1471.0    ,376.925                  ,2.721                  ,1510.0             ,2.793                           ,0.019         ,                 ,540542.0     ,1454.433           ,30.6       ,4.12          ,2.875         ,15183.616      ,                ,164.905               ,9.19                ,2.1            ,55.0         ,                           ,78.92           ,0.7170000000000001
48 ,North America ,Mexico               ,933155.0    ,3763.0    ,5404.143           ,92100.0      ,205.0      ,418.429             ,7237.533                ,29.186                ,41.914                         ,714.326                  ,1.59                   ,2147834.0   ,15132.0   ,16.659                   ,0.117                  ,11441.0            ,0.089                           ,0.472         ,71.76            ,128932753.0  ,66.444             ,29.3       ,6.857         ,4.321         ,17336.469      ,2.5             ,152.783               ,13.06               ,6.9            ,21.4         ,1.38                       ,75.05           ,0.774
49 ,Africa        ,Morocco              ,225070.0    ,2526.0    ,3617.857           ,3826.0       ,64.0       ,64.714              ,6097.713                ,68.436                ,98.017                         ,103.656                  ,1.734                  ,3388542.0   ,20871.0   ,91.804                   ,0.565                  ,21112.0            ,0.572                           ,0.171         ,65.74            ,36910558.0   ,80.08              ,29.6       ,6.769         ,4.209         ,7485.013       ,1.0             ,419.146               ,7.14                ,0.8            ,47.1         ,1.1                        ,76.68           ,0.667
50 ,Africa        ,Mozambique           ,13130.0     ,142.0     ,138.429            ,94.0         ,1.0        ,0.857               ,420.087                 ,4.543                 ,4.429                          ,3.007                    ,0.032                  ,192285.0    ,932.0     ,6.152                    ,0.03                   ,1322.0             ,0.042                           ,0.105         ,53.7             ,31255435.0   ,37.728             ,17.7       ,3.158         ,1.87          ,1136.103       ,62.9            ,329.942               ,3.3                 ,5.1            ,29.1         ,0.7                        ,60.85           ,0.43700000000000006
51 ,Africa        ,Namibia              ,13012.0     ,24.0      ,48.143             ,133.0        ,0.0        ,0.0                 ,5120.988                ,9.445                 ,18.947                         ,52.343                   ,0.0                    ,129317.0    ,515.0     ,50.894                   ,0.203                  ,837.0              ,0.329                           ,0.058         ,                 ,2540916.0    ,3.078              ,22.0       ,3.552         ,2.085         ,9541.808       ,13.4            ,243.811               ,3.94                ,9.7            ,34.2         ,                           ,63.71           ,0.647
52 ,Asia          ,Nepal                ,176500.0    ,2933.0    ,2381.429           ,984.0        ,24.0       ,17.429              ,6057.63                 ,100.663               ,81.733                         ,33.772                   ,0.824                  ,1480978.0   ,11166.0   ,50.828                   ,0.383                  ,11469.0            ,0.394                           ,0.208         ,62.04            ,29136808.0   ,204.43             ,25.0       ,5.809         ,3.212         ,2442.804       ,15.0            ,260.797               ,7.26                ,9.5            ,37.8         ,0.3                        ,70.78           ,0.574
53 ,Oceania       ,New Zealand          ,1612.0      ,5.0       ,3.857              ,25.0         ,0.0        ,0.0                 ,334.285                 ,1.037                 ,0.8                            ,5.184                    ,0.0                    ,1113739.0   ,7171.0    ,230.959                  ,1.487                  ,5416.0             ,1.123                           ,0.001         ,22.22            ,4822233.0    ,18.206             ,37.9       ,15.322        ,9.72          ,36085.843      ,                ,128.797               ,8.08                ,14.8           ,17.2         ,2.61                       ,82.29           ,0.917
54 ,Europe        ,Norway               ,20634.0     ,1071.0    ,389.429            ,282.0        ,0.0        ,0.429               ,3806.139                ,197.556               ,71.834                         ,52.018                   ,0.0                    ,1777598.0   ,27345.0   ,327.895                  ,5.044                  ,19715.0            ,3.637                           ,0.02          ,39.81            ,5421242.0    ,14.462             ,39.7       ,16.821        ,10.813        ,64800.057      ,0.2             ,114.316               ,5.31                ,19.6           ,20.7         ,3.6                        ,82.4            ,0.953
55 ,Asia          ,Pakistan             ,336260.0    ,1167.0    ,983.571            ,6849.0       ,14.0       ,14.857              ,1522.28                 ,5.283                 ,4.453                          ,31.006                   ,0.063                  ,4514827.0   ,27984.0   ,20.439                   ,0.127                  ,28164.0            ,0.128                           ,0.035         ,53.24            ,220892331.0  ,255.573            ,23.5       ,4.495         ,2.78          ,5034.708       ,4.0             ,423.031               ,8.35                ,2.8            ,36.7         ,0.6                        ,67.27           ,0.562
56 ,North America ,Panama               ,134915.0    ,579.0     ,737.714            ,2720.0       ,14.0       ,11.714              ,31268.193               ,134.19                ,170.974                        ,630.393                  ,3.245                  ,683148.0    ,5790.0    ,158.328                  ,1.342                  ,6896.0             ,1.598                           ,0.107         ,58.33            ,4314768.0    ,55.133             ,29.7       ,7.918         ,5.03          ,22267.037      ,2.2             ,128.346               ,8.33                ,2.4            ,9.9          ,2.3                        ,78.51           ,0.789
57 ,South America ,Paraguay             ,64156.0     ,425.0     ,651.714            ,1429.0       ,11.0       ,17.143              ,8994.845                ,59.586                ,91.372                         ,200.35                   ,1.542                  ,371762.0    ,3003.0    ,52.122                   ,0.421                  ,2722.0             ,0.382                           ,0.239         ,62.04            ,7132530.0    ,17.144             ,26.5       ,6.378         ,3.833         ,8827.01        ,1.7             ,199.128               ,8.27                ,5.0            ,21.6         ,1.3                        ,74.25           ,0.7020000000000001
58 ,Asia          ,Philippines          ,385400.0    ,2287.0    ,1967.143           ,7269.0       ,31.0       ,32.857              ,3517.03                 ,20.87                 ,17.951                         ,66.334                   ,0.283                  ,4635824.0   ,21683.0   ,42.305                   ,0.198                  ,28830.0            ,0.263                           ,0.068         ,                 ,109581085.0  ,351.873            ,25.2       ,4.803         ,2.661         ,7599.188       ,                ,370.437               ,7.07                ,7.8            ,40.8         ,1.0                        ,71.23           ,0.6990000000000001
59 ,Europe        ,Poland               ,395480.0    ,15578.0   ,18793.0            ,5875.0       ,92.0       ,198.857             ,10449.55                ,411.609               ,496.557                        ,155.232                  ,2.431                  ,4712224.0   ,62988.0   ,124.508                  ,1.664                  ,62254.0            ,1.645                           ,0.302         ,71.3             ,37846605.0   ,124.027            ,41.8       ,16.763        ,10.202        ,27216.445      ,                ,227.331               ,5.91                ,23.3           ,33.1         ,6.62                       ,78.73           ,0.865
60 ,Europe        ,Portugal             ,146847.0    ,2506.0    ,3673.429           ,2590.0       ,46.0       ,35.286              ,14401.414               ,245.766               ,360.256                        ,254.004                  ,4.511                  ,3564208.0   ,40632.0   ,349.545                  ,3.985                  ,33354.0            ,3.271                           ,0.11          ,62.96            ,10196707.0   ,112.371            ,46.2       ,21.502        ,14.924        ,27936.896      ,0.5             ,127.842               ,9.85                ,16.3           ,30.0         ,3.39                       ,82.05           ,0.847
61 ,Asia          ,Qatar                ,132917.0    ,197.0     ,212.143            ,232.0        ,0.0        ,0.286               ,46134.756               ,68.378                ,73.634                         ,80.526                   ,0.0                    ,989992.0    ,5680.0    ,343.621                  ,1.971                  ,5709.0             ,1.982                           ,0.037         ,64.81            ,2881060.0    ,227.322            ,31.9       ,1.307         ,0.617         ,116935.6       ,                ,176.69                ,16.52               ,0.8            ,26.9         ,1.2                        ,80.23           ,0.856
62 ,Europe        ,Romania              ,250704.0    ,4041.0    ,5458.857           ,7153.0       ,86.0       ,97.571              ,13031.923               ,210.056               ,283.759                        ,371.822                  ,4.47                   ,3305309.0   ,          ,171.814                  ,                       ,29826.0            ,1.55                            ,0.183         ,54.63            ,19237682.0   ,85.129             ,43.0       ,17.85         ,11.69         ,23313.199      ,5.7             ,370.946               ,9.74                ,22.9           ,37.1         ,6.892                      ,76.05           ,0.8109999999999999
63 ,Europe        ,Russia               ,1655038.0   ,18257.0   ,17687.714          ,28473.0      ,238.0      ,314.857             ,11340.968               ,125.104               ,121.203                        ,195.108                  ,1.631                  ,62446013.0  ,491447.0  ,427.905                  ,3.368                  ,530743.0           ,3.637                           ,0.033         ,44.91            ,145934460.0  ,8.823              ,39.6       ,14.178        ,9.393         ,24765.954      ,0.1             ,431.297               ,6.18                ,23.4           ,58.3         ,8.05                       ,72.58           ,0.816
64 ,Africa        ,Rwanda               ,5155.0      ,9.0       ,11.714             ,35.0         ,0.0        ,0.143               ,398.002                 ,0.695                 ,0.904                          ,2.702                    ,0.0                    ,560287.0    ,1310.0    ,43.258                   ,0.101                  ,1621.0             ,0.125                           ,0.007         ,69.44            ,12952209.0   ,494.869            ,20.3       ,2.974         ,1.642         ,1854.211       ,56.0            ,191.375               ,4.28                ,4.7            ,21.0         ,                           ,69.02           ,0.524
65 ,Asia          ,Saudi Arabia         ,348037.0    ,381.0     ,400.714            ,5437.0       ,35.0       ,17.714              ,9997.08                 ,10.944                ,11.51                          ,156.173                  ,1.005                  ,8273947.0   ,63664.0   ,237.662                  ,1.829                  ,54976.0            ,1.579                           ,0.007         ,                 ,34813867.0   ,15.322             ,31.9       ,3.295         ,1.845         ,49045.411      ,                ,259.538               ,17.72               ,1.8            ,25.4         ,2.7                        ,75.13           ,0.853
66 ,Africa        ,Senegal              ,15637.0     ,7.0       ,10.286             ,325.0        ,0.0        ,0.429               ,933.891                 ,0.418                 ,0.614                          ,19.41                    ,0.0                    ,217808.0    ,400.0     ,13.008                   ,0.024                  ,751.0              ,0.045                           ,0.014         ,                 ,16743930.0   ,82.328             ,18.7       ,3.008         ,1.796         ,2470.58        ,38.0            ,241.219               ,2.42                ,0.4            ,16.6         ,                           ,67.94           ,0.505
67 ,Europe        ,Serbia               ,49205.0     ,802.0     ,1339.714           ,833.0        ,7.0        ,5.714               ,7231.142                ,117.862               ,196.884                        ,122.417                  ,1.029                  ,1363619.0   ,10962.0   ,200.397                  ,1.611                  ,9239.0             ,1.358                           ,0.145         ,                 ,6804596.0    ,80.291             ,41.2       ,17.366        ,              ,14048.881      ,                ,439.415               ,10.08               ,37.7           ,40.2         ,5.609                      ,76.0            ,0.787
68 ,Europe        ,Slovakia             ,61829.0     ,1883.0    ,2382.0             ,219.0        ,0.0        ,7.714               ,11324.733               ,344.894               ,436.292                        ,40.113                   ,0.0                    ,845615.0    ,13377.0   ,154.885                  ,2.45                   ,17826.0            ,3.265                           ,0.134         ,73.15            ,5459643.0    ,113.128            ,41.2       ,15.07         ,9.167         ,30155.152      ,0.7             ,287.959               ,7.29                ,23.1           ,37.7         ,5.82                       ,77.54           ,0.855
69 ,Europe        ,Slovenia             ,36206.0     ,557.0     ,1732.286           ,251.0        ,15.0       ,9.0                 ,17415.673               ,267.926               ,833.258                        ,120.735                  ,7.215                  ,380559.0    ,6311.0    ,183.055                  ,3.036                  ,5461.0             ,2.627                           ,0.317         ,68.52            ,2078932.0    ,102.619            ,44.5       ,19.062        ,12.93         ,31400.84       ,                ,153.493               ,7.25                ,20.1           ,25.0         ,4.5                        ,81.32           ,0.8959999999999999
70 ,Africa        ,South Africa         ,727595.0    ,772.0     ,1548.0             ,19465.0      ,54.0       ,65.286              ,12267.932               ,13.017                ,26.101                         ,328.198                  ,0.91                   ,4868610.0   ,15692.0   ,82.089                   ,0.265                  ,20248.0            ,0.341                           ,0.076         ,                 ,59308690.0   ,46.754             ,27.3       ,5.344         ,3.053         ,12294.876      ,18.9            ,200.38                ,5.52                ,8.1            ,33.2         ,2.32                       ,64.13           ,0.6990000000000001
71 ,Asia          ,South Korea          ,26807.0     ,75.0      ,109.143            ,472.0        ,4.0        ,1.714               ,522.868                 ,1.463                 ,2.129                          ,9.206                    ,0.078                  ,2624044.0   ,12918.0   ,51.182                   ,0.252                  ,11351.0            ,0.221                           ,0.01          ,44.44            ,51269183.0   ,527.967            ,43.4       ,13.914        ,8.622         ,35938.374      ,0.2             ,85.998                ,6.8                 ,6.2            ,40.9         ,12.27                      ,83.03           ,0.903
72 ,Asia          ,Sri Lanka            ,11335.0     ,275.0     ,417.429            ,21.0         ,0.0        ,0.714               ,529.345                 ,12.843                ,19.494                         ,0.981                    ,0.0                    ,545043.0    ,10655.0   ,25.454                   ,0.498                  ,10822.0            ,0.505                           ,0.039         ,                 ,21413250.0   ,341.955            ,34.1       ,10.069        ,5.331         ,11669.077      ,0.7             ,197.093               ,10.68               ,0.3            ,27.0         ,3.6                        ,76.98           ,0.77
73 ,Europe        ,Switzerland          ,175570.0    ,21842.0   ,7841.429           ,2128.0       ,93.0       ,30.714              ,20286.28                ,2523.739              ,906.04                         ,245.88                   ,10.746                 ,2099257.0   ,38242.0   ,242.559                  ,4.419                  ,31364.0            ,3.624                           ,0.25          ,50.93            ,8654618.0    ,214.243            ,43.1       ,18.436        ,12.644        ,57410.166      ,                ,99.739                ,5.59                ,22.6           ,28.9         ,4.53                       ,83.78           ,0.9440000000000001
74 ,Asia          ,Taiwan               ,567.0       ,4.0       ,2.429              ,7.0          ,0.0        ,0.0                 ,23.807                  ,0.168                 ,0.102                          ,0.294                    ,0.0                    ,102787.0    ,288.0     ,4.316                    ,0.012                  ,253.0              ,0.011                           ,0.01          ,23.15            ,23816775.0   ,                   ,42.2       ,              ,8.353         ,               ,                ,103.957               ,                    ,               ,             ,                           ,80.46           ,0.911
75 ,Africa        ,Togo                 ,2364.0      ,7.0       ,22.857             ,57.0         ,0.0        ,0.571               ,285.551                 ,0.846                 ,2.761                          ,6.885                    ,0.0                    ,124021.0    ,1581.0    ,14.981                   ,0.191                  ,1151.0             ,0.139                           ,0.02          ,                 ,8278737.0    ,143.366            ,19.4       ,2.839         ,1.525         ,1429.813       ,49.2            ,280.033               ,6.15                ,0.9            ,14.2         ,0.7                        ,61.04           ,0.503
76 ,North America ,Trinidad and Tobago  ,5704.0      ,36.0      ,24.143             ,109.0        ,2.0        ,0.429               ,4075.768                ,25.724                ,17.251                         ,77.885                   ,1.429                  ,33383.0     ,195.0     ,23.854                   ,0.139                  ,122.0              ,0.087                           ,0.198         ,77.78            ,1399491.0    ,266.886            ,36.2       ,10.014        ,5.819         ,28763.071      ,                ,228.467               ,10.97               ,               ,             ,3.0                        ,73.51           ,0.784
77 ,Asia          ,Turkey               ,379775.0    ,2302.0    ,2253.714           ,10402.0      ,76.0       ,75.429              ,4502.955                ,27.295                ,26.722                         ,123.335                  ,0.901                  ,14410507.0  ,146247.0  ,170.864                  ,1.734                  ,133151.0           ,1.579                           ,0.017         ,                 ,84339067.0   ,104.914            ,31.6       ,8.153         ,5.061         ,25129.341      ,0.2             ,171.285               ,12.13               ,14.1           ,41.1         ,2.81                       ,77.69           ,0.7909999999999999
78 ,Africa        ,Uganda               ,12971.0     ,228.0     ,202.0              ,114.0        ,2.0        ,1.857               ,283.575                 ,4.985                 ,4.416                          ,2.492                    ,0.044                  ,558978.0    ,2664.0    ,12.221                   ,0.058                  ,2508.0             ,0.055                           ,0.081         ,57.41            ,45741000.0   ,213.759            ,16.4       ,2.168         ,1.308         ,1697.707       ,41.6            ,213.333               ,2.5                 ,3.4            ,16.7         ,0.5                        ,63.37           ,0.516
79 ,Europe        ,Ukraine              ,402194.0    ,6754.0    ,7610.0             ,7375.0       ,69.0       ,130.143             ,9196.42                 ,154.434               ,174.007                        ,168.634                  ,1.578                  ,3379029.0   ,34818.0   ,77.264                   ,0.796                  ,41677.0            ,0.953                           ,0.183         ,58.8             ,43733759.0   ,77.39              ,41.4       ,16.462        ,11.133        ,7894.393       ,0.1             ,539.849               ,7.11                ,13.5           ,47.4         ,8.8                        ,72.06           ,0.7509999999999999
80 ,Asia          ,United Arab Emirates ,135141.0    ,1234.0    ,1272.429           ,497.0        ,1.0        ,2.429               ,13663.856               ,124.767               ,128.653                        ,50.251                   ,0.101                  ,13465166.0  ,96994.0   ,1361.438                 ,9.807                  ,114797.0           ,11.607                          ,0.011         ,47.22            ,9890400.0    ,112.442            ,34.0       ,1.144         ,0.526         ,67293.483      ,                ,317.84                ,17.26               ,1.2            ,37.4         ,1.2                        ,77.97           ,0.863
81 ,Europe        ,United Kingdom       ,1053864.0   ,18950.0   ,22739.143          ,46853.0      ,136.0      ,265.0               ,15524.025               ,279.144               ,334.961                        ,690.172                  ,2.003                  ,29956161.0  ,252224.0  ,441.272                  ,3.715                  ,267012.0           ,3.933                           ,0.085         ,75.0             ,67886004.0   ,272.898            ,40.8       ,18.517        ,12.527        ,39753.244      ,0.2             ,122.137               ,4.28                ,20.0           ,24.7         ,2.54                       ,81.32           ,0.922
82 ,North America ,United States        ,9291245.0   ,83883.0   ,83817.286          ,231551.0     ,555.0      ,830.857             ,28070.002               ,253.421               ,253.222                        ,699.544                  ,1.677                  ,153708730.0 ,1158828.0 ,464.373                  ,3.501                  ,1180242.0          ,3.566                           ,0.071         ,62.5             ,331002647.0  ,35.608             ,38.3       ,15.413        ,9.732         ,54225.446      ,1.2             ,151.089               ,10.79               ,19.1           ,24.6         ,2.77                       ,78.86           ,0.924
83 ,South America ,Uruguay              ,3165.0      ,16.0      ,41.857             ,60.0         ,1.0        ,0.857               ,911.125                 ,4.606                 ,12.05                          ,17.273                   ,0.288                  ,327794.0    ,2650.0    ,94.364                   ,0.763                  ,2934.0             ,0.845                           ,0.014         ,                 ,3473727.0    ,19.751             ,35.6       ,14.655        ,10.361        ,20551.409      ,0.1             ,160.708               ,6.93                ,14.0           ,19.9         ,2.8                        ,77.91           ,0.804
84 ,Africa        ,Zambia               ,16543.0     ,63.0      ,49.0               ,349.0        ,0.0        ,0.143               ,899.861                 ,3.427                 ,2.665                          ,18.984                   ,0.0                    ,275011.0    ,4715.0    ,14.959                   ,0.256                  ,4819.0             ,0.262                           ,0.01          ,                 ,18383956.0   ,22.995             ,17.7       ,2.48          ,1.542         ,3689.251       ,57.5            ,234.499               ,3.94                ,3.1            ,24.7         ,2.0                        ,63.89           ,0.588
85 ,Africa        ,Zimbabwe             ,8389.0      ,15.0      ,12.286             ,245.0        ,2.0        ,0.429               ,564.424                 ,1.009                 ,0.827                          ,16.484                   ,0.135                  ,143335.0    ,745.0     ,9.644                    ,0.05                   ,748.0              ,0.05                            ,0.016         ,                 ,14862927.0   ,42.729             ,19.6       ,2.822         ,1.882         ,1899.775       ,21.4            ,307.846               ,1.82                ,1.6            ,30.7         ,1.7                        ,61.49           ,0.535
